{"schemaVersion":"1.0","appDefinitionTemplate":{"id":"/providers/Microsoft.PowerApps/apps/","type":"Microsoft.PowerApps/apps","tags":{"primaryDeviceWidth":"640","primaryDeviceHeight":"1136","supportsPortrait":"true","supportsLandscape":"false","primaryFormFactor":"Phone","publisherVersion":"3.22121.19","minimumRequiredApiVersion":"2.2.0","hasComponent":"true","hasUnlockedComponent":"true","isUnifiedRootApp":"false","sienaVersion":"20240826T035354Z-3.22121.19.0"},"properties":{"appVersion":"2024-08-26T03:53:54Z","lifeCycleId":"Published","createdByClientVersion":{"major":3,"minor":22121,"build":19,"revision":0,"majorRevision":0,"minorRevision":0},"minClientVersion":{"major":3,"minor":22121,"build":19,"revision":0,"majorRevision":0,"minorRevision":0},"backgroundColor":"rgba(142, 140, 216, 1)","backgroundImageUri":"/4309984370530159755/N9eb5ba39-5c37-4748-b001-bddd6ba212ed-N6489dd16-1d87-47c2-8279-7b2f044586ec-logoSmallFile","displayName":"Desk Booking 2023","description":"Power App template for desk booking/hoteling","commitMessage":"","appUris":{"documentUri":{"value":"/4309984370530159755/N3d88f8ba-140e-4283-8891-9a5d08b53a48-N5571c293-feb9-4cbb-9c77-35c916535f75-document.msapp"},"imageUris":[],"additionalUris":[]},"createdTime":"0001-01-01T00:00:00Z","lastModifiedTime":"0001-01-01T00:00:00Z","sharedGroupsCount":0,"sharedUsersCount":0,"connectionReferences":{"64852b16-4509-4d34-be4c-adfa1f496b3a":{"id":"47130083-6626-4b51-8ed0-0bb1bbae002e","displayName":"Office 365 Users","iconUri":"https://connectoricons-prod.azureedge.net/releases/v1.0.1702/1.0.1702.3810/office365users/icon.png","dataSources":["Office365Users"],"dependencies":[],"dependents":[],"parameterHints":{},"parameterHintsV2":{},"isOnPremiseConnection":false,"bypassConsent":false,"dataSets":{},"apiTier":"Standard","isCustomApiConnection":false,"actions":["MyProfile","UserPhotoV2","SearchUser"]},"366ef963-df5e-475a-805f-b326dde4b0cc":{"id":"9bcb8b15-6ff6-4801-950d-4b7582019608","displayName":"SharePoint","iconUri":"https://connectoricons-prod.azureedge.net/u/jayawan/releases/v1.0.1697/1.0.1697.3786/sharepointonline/icon.png","dataSources":["Desks","Desk Reservations","DeskAdmins"],"dependencies":[],"dependents":[],"parameterHints":{},"parameterHintsV2":{},"isOnPremiseConnection":false,"bypassConsent":false,"dataSets":{"https://axecapitalcorp.sharepoint.com/sites/HR":{"dataSources":{"Desks":{"tableName":"20bc2e78-8f00-481a-b2f7-337e42fcf873"},"Desk Reservations":{"tableName":"4168d1a6-f32b-409e-89c2-882d59569a30"},"DeskAdmins":{"tableName":"d0b91688-db4f-4d59-9a47-3fb5fbd4cf6c"}}}},"apiTier":"Standard","isCustomApiConnection":false,"actions":["providers/PowerPlatform.Governance/Operations/Read"]},"d80f322f-4d16-4bcc-b82a-4b3c90fdf730":{"id":"90255c40-f686-4067-9577-1c017f679cb3","displayName":"Office 365 Outlook","iconUri":"https://connectoricons-prod.azureedge.net/releases/v1.0.1686/1.0.1686.3706/office365/icon.png","dataSources":["Office365Outlook"],"dependencies":[],"dependents":[],"parameterHints":{},"parameterHintsV2":{},"isOnPremiseConnection":false,"bypassConsent":false,"dataSets":{},"apiTier":"Standard","isCustomApiConnection":false}},"databaseReferences":{},"almMode":"Environment","performanceOptimizationEnabled":true,"canConsumeAppPass":true,"enableModernRuntimeMode":false,"executionRestrictions":{"isTeamsOnly":false,"dataLossPreventionEvaluationResult":{"status":"Compliant","lastEvaluationDate":"2022-12-31T03:28:52.0742807Z","violations":[],"violationsByPolicy":[],"violationErrorMessage":"The app uses the following connectors: shared_office365users, shared_sharepointonline."}}},"appType":"ClassicCanvasApp","appComponents":[]}}